h,1/h,value,iterations
0.02,50,40.52648913,88
0.01,100,39.23827224,337
0.005,200,38.78822284,1226
0.0025,400,38.61736454,4365
0.00125,800,38.54813767,15264
