h,1/h,value,iterations
0.02,50,40.52648569,26
0.01,100,39.23825657,96
0.005,200,38.78818592,341
0.0025,400,38.61727504,1195
0.00125,800,38.5479162,4141
