omega,value,iterations
1.0,45.31318083029598,57
1.1,45.31317965879626,48
1.2,45.313182822755536,42
1.3,45.313183031205014,36
1.4,45.31318796786215,40
1.5,45.313190028153016,53
1.6,45.313189648816895,75
1.7,45.31318699126048,126
1.8,45.31318706324371,382
1.9,nan,17669
